web-scraper-order,web-scraper-start-url,category-links,category-links-href,subcategory-links,subcategory-links-href,product-links,product-links-href,name,price,description
"1685079068-1","https://www.webscraper.io/test-sites/e-commerce/allinone","Computers","https://www.webscraper.io/test-sites/e-commerce/allinone/computers","Laptops","https://www.webscraper.io/test-sites/e-commerce/allinone/computers/laptops","Asus ROG Strix S...","https://www.webscraper.io/test-sites/e-commerce/allinone/product/544","Asus ROG Strix SCAR Edition GL503VM-ED115T","$1799.00","Asus ROG Strix SCAR Edition GL503VM-ED115T, 15.6"" FHD 120Hz, Core i7-7700HQ, 16GB, 256GB SSD + 1TB SSHD, GeForce GTX 1060 6GB, Windows 10 Home"
"1685079071-2","https://www.webscraper.io/test-sites/e-commerce/allinone","Computers","https://www.webscraper.io/test-sites/e-commerce/allinone/computers","Laptops","https://www.webscraper.io/test-sites/e-commerce/allinone/computers/laptops","Asus ROG Strix G...","https://www.webscraper.io/test-sites/e-commerce/allinone/product/543","Asus ROG Strix GL702ZC-GC209T","$1769.00","Asus ROG Strix GL702ZC-GC209T, 17.3"" FHD IPS, Ryzen 7 1700, 16GB, 256GB SSD + 1TB HDD, Radeon RX 580 4GB, Windows 10 Home"
"1685079074-3","https://www.webscraper.io/test-sites/e-commerce/allinone","Computers","https://www.webscraper.io/test-sites/e-commerce/allinone/computers","Laptops","https://www.webscraper.io/test-sites/e-commerce/allinone/computers/laptops","Asus ROG Strix G...","https://www.webscraper.io/test-sites/e-commerce/allinone/product/542","Asus ROG Strix GL702ZC-GC154T","$1769.00","Asus ROG Strix GL702ZC-GC154T, 17.3"" FHD, Ryzen 7 1700, 16GB, 256GB + 1TB HDD, Radeon RX 580 4GB, Windows 10 Home"
"1685079077-4","https://www.webscraper.io/test-sites/e-commerce/allinone","Computers","https://www.webscraper.io/test-sites/e-commerce/allinone/computers","Laptops","https://www.webscraper.io/test-sites/e-commerce/allinone/computers/laptops","Asus ROG Strix G...","https://www.webscraper.io/test-sites/e-commerce/allinone/product/632","Asus ROG Strix GL702VM-GC146T","$1399.00","Asus ROG Strix GL702VM-GC146T, 17.3"" FHD, Core i7-7700HQ, 8GB, 1TB + 128GB SSD, GeForce GTX 1060 3GB, Windows 10 Home, Eng kbd"
"1685079080-5","https://www.webscraper.io/test-sites/e-commerce/allinone","Computers","https://www.webscraper.io/test-sites/e-commerce/allinone/computers","Laptops","https://www.webscraper.io/test-sites/e-commerce/allinone/computers/laptops","Lenovo Legion Y7...","https://www.webscraper.io/test-sites/e-commerce/allinone/product/541","Lenovo Legion Y720","$1399.00","Lenovo Legion Y720, 15.6"" FHD IPS, Core i7-7700HQ, 8GB, 128GB SSD + 2TB HDD, GeForce GTX 1060 6GB, DOS, RGB backlit keyboard"
"1685079083-6","https://www.webscraper.io/test-sites/e-commerce/allinone","Computers","https://www.webscraper.io/test-sites/e-commerce/allinone/computers","Laptops","https://www.webscraper.io/test-sites/e-commerce/allinone/computers/laptops","Asus ASUSPRO B94...","https://www.webscraper.io/test-sites/e-commerce/allinone/product/631","Asus ASUSPRO B9440UA-GV0279R Gray","$1381.13","Asus ASUSPRO B9440UA-GV0279R Gray, 14"" FHD, Core i7-7500U, 16GB, 512GB SSD, Windows 10 Pro, Eng kbd"
"1685079086-7","https://www.webscraper.io/test-sites/e-commerce/allinone","Computers","https://www.webscraper.io/test-sites/e-commerce/allinone/computers","Laptops","https://www.webscraper.io/test-sites/e-commerce/allinone/computers/laptops","Toshiba Portege...","https://www.webscraper.io/test-sites/e-commerce/allinone/product/630","Toshiba Portege X20W-D-10V Black/Blue","$1366.32","Toshiba Portege X20W-D-10V Black/Blue, 12.5"" FHD Touch, Core i7-7500U, 8GB, 512GB SSD, Windows 10 Pro"
"1685079089-8","https://www.webscraper.io/test-sites/e-commerce/allinone","Computers","https://www.webscraper.io/test-sites/e-commerce/allinone/computers","Laptops","https://www.webscraper.io/test-sites/e-commerce/allinone/computers/laptops","Lenovo ThinkPad...","https://www.webscraper.io/test-sites/e-commerce/allinone/product/629","Lenovo ThinkPad Yoga 370 Black","$1362.24","Lenovo ThinkPad Yoga 370 Black, 13.3"" FHD IPS Touch, Core i5-7200U, 8GB, 256GB SSD, 4G, Windows 10 Pro"
"1685079092-9","https://www.webscraper.io/test-sites/e-commerce/allinone","Computers","https://www.webscraper.io/test-sites/e-commerce/allinone/computers","Laptops","https://www.webscraper.io/test-sites/e-commerce/allinone/computers/laptops","Lenovo ThinkPad...","https://www.webscraper.io/test-sites/e-commerce/allinone/product/628","Lenovo ThinkPad T470","$1349.23","Lenovo ThinkPad T470, 14"" FHD IPS, Core i5-7200U, 8GB, 256GB SSD, Windows 10 Pro"
"1685079095-10","https://www.webscraper.io/test-sites/e-commerce/allinone","Computers","https://www.webscraper.io/test-sites/e-commerce/allinone/computers","Laptops","https://www.webscraper.io/test-sites/e-commerce/allinone/computers/laptops","Apple MacBook Ai...","https://www.webscraper.io/test-sites/e-commerce/allinone/product/627","Apple MacBook Air 13""","$1347.78","Apple MacBook Air 13"", Intel Core i5 1.8GHz, 8GB, 256GB SSD, Intel HD 6000, RUS"
"1685079098-11","https://www.webscraper.io/test-sites/e-commerce/allinone","Computers","https://www.webscraper.io/test-sites/e-commerce/allinone/computers","Laptops","https://www.webscraper.io/test-sites/e-commerce/allinone/computers/laptops","Dell Latitude 55...","https://www.webscraper.io/test-sites/e-commerce/allinone/product/626","Dell Latitude 5580","$1341.22","Dell Latitude 5580, 15.6"" FHD, Core i7-7600U, 16GB, 256GB SSD, GeForce GT930MX, Linux"
"1685079101-12","https://www.webscraper.io/test-sites/e-commerce/allinone","Computers","https://www.webscraper.io/test-sites/e-commerce/allinone/computers","Laptops","https://www.webscraper.io/test-sites/e-commerce/allinone/computers/laptops","Dell Latitude 54...","https://www.webscraper.io/test-sites/e-commerce/allinone/product/625","Dell Latitude 5480","$1338.37","Dell Latitude 5480, 14"" FHD, Core i7-7600U, 8GB, 256GB SSD, Linux + Windows 10 Home"
"1685079104-13","https://www.webscraper.io/test-sites/e-commerce/allinone","Computers","https://www.webscraper.io/test-sites/e-commerce/allinone/computers","Laptops","https://www.webscraper.io/test-sites/e-commerce/allinone/computers/laptops","Dell Latitude 55...","https://www.webscraper.io/test-sites/e-commerce/allinone/product/624","Dell Latitude 5580","$1337.28","Dell Latitude 5580, 15.6"" FHD, Core i7-7600U, 8GB, 256GB SSD, GeForce GT930MX, Windows 10 Pro"
"1685079107-14","https://www.webscraper.io/test-sites/e-commerce/allinone","Computers","https://www.webscraper.io/test-sites/e-commerce/allinone/computers","Laptops","https://www.webscraper.io/test-sites/e-commerce/allinone/computers/laptops","Apple MacBook Pr...","https://www.webscraper.io/test-sites/e-commerce/allinone/product/623","Apple MacBook Pro 13"" Space Gray","$1333.00","Apple MacBook Pro 13"" Space Gray, Core i5 2.3GHz, 8GB, 128GB SSD, Iris Plus 640, ENG"
"1685079110-15","https://www.webscraper.io/test-sites/e-commerce/allinone","Computers","https://www.webscraper.io/test-sites/e-commerce/allinone/computers","Laptops","https://www.webscraper.io/test-sites/e-commerce/allinone/computers/laptops","Hewlett Packard...","https://www.webscraper.io/test-sites/e-commerce/allinone/product/622","Hewlett Packard ProBook 640 G3","$1326.83","Hewlett Packard ProBook 640 G3, 14"" FHD, Core i7-7600U, 8GB, 256GB SSD, Windows 10 Pro"
"1685079113-16","https://www.webscraper.io/test-sites/e-commerce/allinone","Computers","https://www.webscraper.io/test-sites/e-commerce/allinone/computers","Laptops","https://www.webscraper.io/test-sites/e-commerce/allinone/computers/laptops","ThinkPad X240","https://www.webscraper.io/test-sites/e-commerce/allinone/product/520","ThinkPad X240","$1311.99","12.5"", Core i5-4300U, 8GB, 240GB SSD, Win7 Pro 64bit"
"1685079116-17","https://www.webscraper.io/test-sites/e-commerce/allinone","Computers","https://www.webscraper.io/test-sites/e-commerce/allinone/computers","Laptops","https://www.webscraper.io/test-sites/e-commerce/allinone/computers/laptops","Dell Latitude 54...","https://www.webscraper.io/test-sites/e-commerce/allinone/product/621","Dell Latitude 5480","$1310.39","Dell Latitude 5480, 14"" FHD, Core i7-7600U, 8GB, 256GB SSD, Windows 10 Pro"
"1685079119-18","https://www.webscraper.io/test-sites/e-commerce/allinone","Computers","https://www.webscraper.io/test-sites/e-commerce/allinone/computers","Laptops","https://www.webscraper.io/test-sites/e-commerce/allinone/computers/laptops","MSI GL62VR 7RFX","https://www.webscraper.io/test-sites/e-commerce/allinone/product/620","MSI GL62VR 7RFX","$1299.00","MSI GL62VR 7RFX, 15.6"" FHD, Core i7-7700HQ, 8GB, 1TB + 256GB SSD, GeForce GTX 1060 3GB, Windows 10 Home"
"1685079122-19","https://www.webscraper.io/test-sites/e-commerce/allinone","Computers","https://www.webscraper.io/test-sites/e-commerce/allinone/computers","Laptops","https://www.webscraper.io/test-sites/e-commerce/allinone/computers/laptops","Toshiba Portege...","https://www.webscraper.io/test-sites/e-commerce/allinone/product/619","Toshiba Portege Z30-C-16K Grey","$1294.74","Toshiba Portege Z30-C-16K Grey, 13.3"" FHD, Core i5-6200U, 8GB, 256GB SSD, 4G, Windows 10 Pro"
"1685079125-20","https://www.webscraper.io/test-sites/e-commerce/allinone","Computers","https://www.webscraper.io/test-sites/e-commerce/allinone/computers","Laptops","https://www.webscraper.io/test-sites/e-commerce/allinone/computers/laptops","Dell XPS 13","https://www.webscraper.io/test-sites/e-commerce/allinone/product/525","Dell XPS 13","$1281.99","13.3"" Touch, Core i5-4210U, 8GB, 128GB SSD, Windows 8.1"
"1685079128-21","https://www.webscraper.io/test-sites/e-commerce/allinone","Computers","https://www.webscraper.io/test-sites/e-commerce/allinone/computers","Laptops","https://www.webscraper.io/test-sites/e-commerce/allinone/computers/laptops","Hewlett Packard...","https://www.webscraper.io/test-sites/e-commerce/allinone/product/618","Hewlett Packard Spectre 13-v106na Dark Ash Silver","$1273.11","Hewlett Packard Spectre 13-v106na Dark Ash Silver, 13.3"" FHD IPS, Core i5-7200U, 8GB, 256GB SSD, Windows 10 Home"
"1685079131-22","https://www.webscraper.io/test-sites/e-commerce/allinone","Computers","https://www.webscraper.io/test-sites/e-commerce/allinone/computers","Laptops","https://www.webscraper.io/test-sites/e-commerce/allinone/computers/laptops","Dell Latitude 54...","https://www.webscraper.io/test-sites/e-commerce/allinone/product/617","Dell Latitude 5480","$1271.06","Dell Latitude 5480, 14"" FHD, Core i7-7600U, 8GB, 1TB, GeForce GT930MX, Windows 10 Pro"
"1685079134-23","https://www.webscraper.io/test-sites/e-commerce/allinone","Computers","https://www.webscraper.io/test-sites/e-commerce/allinone/computers","Laptops","https://www.webscraper.io/test-sites/e-commerce/allinone/computers/laptops","Apple MacBook Ai...","https://www.webscraper.io/test-sites/e-commerce/allinone/product/616","Apple MacBook Air 13""","$1260.13","Apple MacBook Air 13"", i5 1.8GHz, 8GB, 256GB SSD, Intel HD 6000, ENG"
"1685079137-24","https://www.webscraper.io/test-sites/e-commerce/allinone","Computers","https://www.webscraper.io/test-sites/e-commerce/allinone/computers","Laptops","https://www.webscraper.io/test-sites/e-commerce/allinone/computers/laptops","Asus ROG Strix G...","https://www.webscraper.io/test-sites/e-commerce/allinone/product/615","Asus ROG Strix GL753VE-GC096T","$1259.00","Asus ROG Strix GL753VE-GC096T, 17.3"" FHD, Core i7-7700HQ, 8GB, 1TB + 128GB SSD, GeForce GTX 1050 Ti 4GB, Windows 10 Home, Eng kbd"
"1685079140-25","https://www.webscraper.io/test-sites/e-commerce/allinone","Computers","https://www.webscraper.io/test-sites/e-commerce/allinone/computers","Laptops","https://www.webscraper.io/test-sites/e-commerce/allinone/computers/laptops","ThinkPad X230","https://www.webscraper.io/test-sites/e-commerce/allinone/product/526","ThinkPad X230","$1244.99","12.5"", Core i5 2.6GHz, 8GB, 180GB SSD, Win7 Pro 64bit"
"1685079143-26","https://www.webscraper.io/test-sites/e-commerce/allinone","Computers","https://www.webscraper.io/test-sites/e-commerce/allinone/computers","Laptops","https://www.webscraper.io/test-sites/e-commerce/allinone/computers/laptops","Asus ZenBook UX5...","https://www.webscraper.io/test-sites/e-commerce/allinone/product/614","Asus ZenBook UX530UX-FY040T Blue","$1239.20","Asus ZenBook UX530UX-FY040T Blue, 15.6"" FHD, Core i7-7500U, 8GB, 512GB SSD, GeForce GTX950M 2GB, Windows 10 Home, Eng kbd"
"1685079146-27","https://www.webscraper.io/test-sites/e-commerce/allinone","Computers","https://www.webscraper.io/test-sites/e-commerce/allinone/computers","Laptops","https://www.webscraper.io/test-sites/e-commerce/allinone/computers/laptops","Dell Latitude 54...","https://www.webscraper.io/test-sites/e-commerce/allinone/product/613","Dell Latitude 5480","$1238.37","Dell Latitude 5480, 14"" FHD, Core i7-7600U, 8GB, 256GB SSD, Linux"
"1685079149-28","https://www.webscraper.io/test-sites/e-commerce/allinone","Computers","https://www.webscraper.io/test-sites/e-commerce/allinone/computers","Laptops","https://www.webscraper.io/test-sites/e-commerce/allinone/computers/laptops","Asus VivoBook Pr...","https://www.webscraper.io/test-sites/e-commerce/allinone/product/612","Asus VivoBook Pro 15 N580VN-FI006T Gold Metal","$1235.49","Asus VivoBook Pro 15 N580VN-FI006T Gold Metal, 15.6"" UHD, Core i7-7700HQ, 16GB, 1TB + 256GB SSD, GeForce MX150 2GB, Windows 10 Home, Eng kbd"
"1685079152-29","https://www.webscraper.io/test-sites/e-commerce/allinone","Computers","https://www.webscraper.io/test-sites/e-commerce/allinone/computers","Laptops","https://www.webscraper.io/test-sites/e-commerce/allinone/computers/laptops","ThinkPad Yoga","https://www.webscraper.io/test-sites/e-commerce/allinone/product/528","ThinkPad Yoga","$1223.99","12.5"" Touch, Core i5 4200U, 8GB, 500GB + 16GB SSD Cache, Windows"
"1685079155-30","https://www.webscraper.io/test-sites/e-commerce/allinone","Computers","https://www.webscraper.io/test-sites/e-commerce/allinone/computers","Laptops","https://www.webscraper.io/test-sites/e-commerce/allinone/computers/laptops","Acer Predator He...","https://www.webscraper.io/test-sites/e-commerce/allinone/product/611","Acer Predator Helios 300 (PH317-51)","$1221.58","Acer Predator Helios 300 (PH317-51), 17.3"" FHD IPS, Core i7-7700HQ, 8GB, 1TB + 128GB SSD, GeForce GTX 1050 Ti 4GB, Windows 10 Home"
"1685079158-31","https://www.webscraper.io/test-sites/e-commerce/allinone","Computers","https://www.webscraper.io/test-sites/e-commerce/allinone/computers","Laptops","https://www.webscraper.io/test-sites/e-commerce/allinone/computers/laptops","Lenovo IdeaPad M...","https://www.webscraper.io/test-sites/e-commerce/allinone/product/610","Lenovo IdeaPad Miix 510 Platinum Silver","$1212.16","Lenovo IdeaPad Miix 510 Platinum Silver, 12.2"" IPS Touch, Core i5-7200U, 8GB, 256GB SSD, 4G, Windows 10 Pro"
"1685079161-32","https://www.webscraper.io/test-sites/e-commerce/allinone","Computers","https://www.webscraper.io/test-sites/e-commerce/allinone/computers","Laptops","https://www.webscraper.io/test-sites/e-commerce/allinone/computers/laptops","Toshiba Portege...","https://www.webscraper.io/test-sites/e-commerce/allinone/product/609","Toshiba Portege X30-D-10J Black/Blue","$1203.41","Toshiba Portege X30-D-10J Black/Blue, 13.3"" FHD IPS, Core i5-7200U, 8GB, 256GB SSD, Windows 10 Pro"
"1685079164-33","https://www.webscraper.io/test-sites/e-commerce/allinone","Computers","https://www.webscraper.io/test-sites/e-commerce/allinone/computers","Laptops","https://www.webscraper.io/test-sites/e-commerce/allinone/computers/laptops","Lenovo Yoga 910...","https://www.webscraper.io/test-sites/e-commerce/allinone/product/608","Lenovo Yoga 910 Grey","$1199.73","Lenovo Yoga 910 Grey, 13.9"" FHD Touch, Core i5-7200U, 8GB, 256GB SSD, Windows 10 Home"
"1685079167-34","https://www.webscraper.io/test-sites/e-commerce/allinone","Computers","https://www.webscraper.io/test-sites/e-commerce/allinone/computers","Laptops","https://www.webscraper.io/test-sites/e-commerce/allinone/computers/laptops","MSI GL62M 7REX2","https://www.webscraper.io/test-sites/e-commerce/allinone/product/607","MSI GL62M 7REX2","$1199.00","MSI GL62M 7REX2, 15.6"" FHD, Core i7-7700HQ, 8GB, 1TB + 128GB SSD, GeForce GTX 1050 Ti 2GB, Windows 10 Home"
"1685079170-35","https://www.webscraper.io/test-sites/e-commerce/allinone","Computers","https://www.webscraper.io/test-sites/e-commerce/allinone/computers","Laptops","https://www.webscraper.io/test-sites/e-commerce/allinone/computers/laptops","MSI GL62M 7REX","https://www.webscraper.io/test-sites/e-commerce/allinone/product/606","MSI GL62M 7REX","$1199.00","MSI GL62M 7REX, 15.6"" FHD, Core i7-7700HQ, 8GB, 1TB + 128GB SSD, GeForce GTX 1050 Ti 2GB, Windows 10 Home"
"1685079173-36","https://www.webscraper.io/test-sites/e-commerce/allinone","Computers","https://www.webscraper.io/test-sites/e-commerce/allinone/computers","Laptops","https://www.webscraper.io/test-sites/e-commerce/allinone/computers/laptops","Acer Predator He...","https://www.webscraper.io/test-sites/e-commerce/allinone/product/605","Acer Predator Helios 300 (PH317-51)","$1187.98","Acer Predator Helios 300 (PH317-51), 17.3"" FHD IPS, Core i7-7700HQ. 8GB, 128GB SSD +1TB, GeForce GTX 1050Ti 4GB, Linux + Windows 10 Home"
"1685079176-37","https://www.webscraper.io/test-sites/e-commerce/allinone","Computers","https://www.webscraper.io/test-sites/e-commerce/allinone/computers","Laptops","https://www.webscraper.io/test-sites/e-commerce/allinone/computers/laptops","Dell Latitude 54...","https://www.webscraper.io/test-sites/e-commerce/allinone/product/604","Dell Latitude 5480","$1187.88","Dell Latitude 5480, 14"" FHD, Core i5-7300U, 8GB, 256GB SSD, Windows 10 Pro"
"1685079179-38","https://www.webscraper.io/test-sites/e-commerce/allinone","Computers","https://www.webscraper.io/test-sites/e-commerce/allinone/computers","Laptops","https://www.webscraper.io/test-sites/e-commerce/allinone/computers/laptops","MSI GS63 7RD Ste...","https://www.webscraper.io/test-sites/e-commerce/allinone/product/603","MSI GS63 7RD Stealth","$1179.00","MSI GS63 7RD Stealth, 15.6"" FHD IPS, Core i7-7700HQ, 8GB, 256GB SSD, GeForce GTX 1050 2GB, DOS + Windows 10 Home"
"1685079182-39","https://www.webscraper.io/test-sites/e-commerce/allinone","Computers","https://www.webscraper.io/test-sites/e-commerce/allinone/computers","Laptops","https://www.webscraper.io/test-sites/e-commerce/allinone/computers/laptops","ThinkPad T540p","https://www.webscraper.io/test-sites/e-commerce/allinone/product/518","ThinkPad T540p","$1178.99","15.6"", Core i5-4200M, 4GB, 500GB, Win7 Pro 64bit"
"1685079185-40","https://www.webscraper.io/test-sites/e-commerce/allinone","Computers","https://www.webscraper.io/test-sites/e-commerce/allinone/computers","Laptops","https://www.webscraper.io/test-sites/e-commerce/allinone/computers/laptops","Dell Latitude 55...","https://www.webscraper.io/test-sites/e-commerce/allinone/product/602","Dell Latitude 5580","$1178.19","Dell Latitude 5580, 15.6"" FHD, Core i5-7300U, 16GB, 256GB SSD, Linux + Windows 10 Home"
"1685079188-41","https://www.webscraper.io/test-sites/e-commerce/allinone","Computers","https://www.webscraper.io/test-sites/e-commerce/allinone/computers","Laptops","https://www.webscraper.io/test-sites/e-commerce/allinone/computers/laptops","Acer TravelMate...","https://www.webscraper.io/test-sites/e-commerce/allinone/product/601","Acer TravelMate P645-S-511A Black","$1170.10","Acer TravelMate P645-S-511A Black, 14"" FHD IPS, Core i5-5200U, 8GB, 256GB SSD, 3G, Windows 10 Pro"
"1685079191-42","https://www.webscraper.io/test-sites/e-commerce/allinone","Computers","https://www.webscraper.io/test-sites/e-commerce/allinone/computers","Laptops","https://www.webscraper.io/test-sites/e-commerce/allinone/computers/laptops","Toshiba Portege...","https://www.webscraper.io/test-sites/e-commerce/allinone/product/600","Toshiba Portege Z30-C-16L Grey","$1154.04","Toshiba Portege Z30-C-16L Grey, 13.3"" FHD, Core i7-6500U, 8GB, 256GB SSD, Windows 10 Pro"
"1685079194-43","https://www.webscraper.io/test-sites/e-commerce/allinone","Computers","https://www.webscraper.io/test-sites/e-commerce/allinone/computers","Laptops","https://www.webscraper.io/test-sites/e-commerce/allinone/computers/laptops","Lenovo Yoga 720...","https://www.webscraper.io/test-sites/e-commerce/allinone/product/599","Lenovo Yoga 720 Grey","$1149.73","Lenovo Yoga 720 Grey, 15.6"" FHD IPS, Core i5-7300HQ, 8GB, 256GB SSD, GeForce GTX 1050 2GB, Windows 10 Home"
"1685079197-44","https://www.webscraper.io/test-sites/e-commerce/allinone","Computers","https://www.webscraper.io/test-sites/e-commerce/allinone/computers","Laptops","https://www.webscraper.io/test-sites/e-commerce/allinone/computers/laptops","MSI GP62M 7RDX L...","https://www.webscraper.io/test-sites/e-commerce/allinone/product/598","MSI GP62M 7RDX Leopard","$1149.00","MSI GP62M 7RDX Leopard, 15.6"" FHD, Core i7-7700HQ, 8GB, 1TB + 128GB SSD, GeForce GTX 1050 2GB, Windows 10 Home"
"1685079200-45","https://www.webscraper.io/test-sites/e-commerce/allinone","Computers","https://www.webscraper.io/test-sites/e-commerce/allinone/computers","Laptops","https://www.webscraper.io/test-sites/e-commerce/allinone/computers/laptops","Lenovo Legion Y5...","https://www.webscraper.io/test-sites/e-commerce/allinone/product/540","Lenovo Legion Y520-15IKBM","$1149.00","Lenovo Legion Y520-15IKBM, 15.6"" FHD IPS, Core i7-7700HQ, 8GB, 128GB SSD + 1TB, GeForce GTX 1060 Max-Q 6GB, DOS"
"1685079203-46","https://www.webscraper.io/test-sites/e-commerce/allinone","Computers","https://www.webscraper.io/test-sites/e-commerce/allinone/computers","Laptops","https://www.webscraper.io/test-sites/e-commerce/allinone/computers/laptops","Dell Latitude 55...","https://www.webscraper.io/test-sites/e-commerce/allinone/product/597","Dell Latitude 5580","$1144.40","Dell Latitude 5580, 15.6"" FHD, Core i5-7300U, 8GB, 256GB SSD, Windows 10 Pro"
"1685079206-47","https://www.webscraper.io/test-sites/e-commerce/allinone","Computers","https://www.webscraper.io/test-sites/e-commerce/allinone/computers","Laptops","https://www.webscraper.io/test-sites/e-commerce/allinone/computers/laptops","Dell Inspiron 15...","https://www.webscraper.io/test-sites/e-commerce/allinone/product/596","Dell Inspiron 15 (7567) Black","$1144.20","Dell Inspiron 15 (7567) Black, 15.6"" FHD, Core i7-7700HQ, 8GB, 1TB, GeForce GTX 1050 Ti 4GB, Linux + Windows 10 Home"
"1685079209-48","https://www.webscraper.io/test-sites/e-commerce/allinone","Computers","https://www.webscraper.io/test-sites/e-commerce/allinone/computers","Laptops","https://www.webscraper.io/test-sites/e-commerce/allinone/computers/laptops","Dell Latitude 54...","https://www.webscraper.io/test-sites/e-commerce/allinone/product/595","Dell Latitude 5480","$1143.40","Dell Latitude 5480, 14"" FHD, Core i5-7440HQ, 8GB, 256GB SSD, Windows 10 Pro"
"1685079212-49","https://www.webscraper.io/test-sites/e-commerce/allinone","Computers","https://www.webscraper.io/test-sites/e-commerce/allinone/computers","Laptops","https://www.webscraper.io/test-sites/e-commerce/allinone/computers/laptops","Acer Nitro 5 AN5...","https://www.webscraper.io/test-sites/e-commerce/allinone/product/594","Acer Nitro 5 AN515-51","$1140.62","Acer Nitro 5 AN515-51, 15.6"" FHD IPS, Core i7-7700HQ, 8GB, 256GB SSD +1TB, GeForce GTX 1050 Ti 4GB, Windows 10 Home + Windows 10 Home"
"1685079215-50","https://www.webscraper.io/test-sites/e-commerce/allinone","Computers","https://www.webscraper.io/test-sites/e-commerce/allinone/computers","Laptops","https://www.webscraper.io/test-sites/e-commerce/allinone/computers/laptops","Asus AsusPro Adv...","https://www.webscraper.io/test-sites/e-commerce/allinone/product/593","Asus AsusPro Advanced BU401LA-FA271G Dark Grey","$1139.54","Asus AsusPro Advanced BU401LA-FA271G Dark Grey, 14"", Core i5-4210U, 4GB, 128GB SSD, Win7 Pro 64bit, ENG"
"1685079218-51","https://www.webscraper.io/test-sites/e-commerce/allinone","Computers","https://www.webscraper.io/test-sites/e-commerce/allinone/computers","Laptops","https://www.webscraper.io/test-sites/e-commerce/allinone/computers/laptops","Lenovo Legion Y5...","https://www.webscraper.io/test-sites/e-commerce/allinone/product/592","Lenovo Legion Y520","$1133.91","Lenovo Legion Y520, 15.6"" FHD, Core i7-7700HQ, 8GB, 128 GB SSD + 1TB HDD, GTX 1050 4GB, Windows 10 Home"
"1685079221-52","https://www.webscraper.io/test-sites/e-commerce/allinone","Computers","https://www.webscraper.io/test-sites/e-commerce/allinone/computers","Laptops","https://www.webscraper.io/test-sites/e-commerce/allinone/computers/laptops","Dell Latitude 54...","https://www.webscraper.io/test-sites/e-commerce/allinone/product/591","Dell Latitude 5480","$1133.82","Dell Latitude 5480, 14"" FHD, Core i5-7300U, 8GB, 500GB, Windows 10 Pro"
"1685079224-53","https://www.webscraper.io/test-sites/e-commerce/allinone","Computers","https://www.webscraper.io/test-sites/e-commerce/allinone/computers","Laptops","https://www.webscraper.io/test-sites/e-commerce/allinone/computers/laptops","Dell Inspiron 17...","https://www.webscraper.io/test-sites/e-commerce/allinone/product/590","Dell Inspiron 17 2in1 (7779) Silver","$1124.20","Dell Inspiron 17 2in1 (7779) Silver, 17.3"" FHD Touch, Core i5-7200U, 12GB, 1TB, GeForce GT940MX 2GB, Windows 10 Home"
"1685079227-54","https://www.webscraper.io/test-sites/e-commerce/allinone","Computers","https://www.webscraper.io/test-sites/e-commerce/allinone/computers","Laptops","https://www.webscraper.io/test-sites/e-commerce/allinone/computers/laptops","Acer Aspire 7 A7...","https://www.webscraper.io/test-sites/e-commerce/allinone/product/589","Acer Aspire 7 A715-71G","$1123.87","Acer Aspire 7 A715-71G, 15.6"" FHD IPS, Core i7-7700HQ, 8GB, 128GB SSD + 1TB HDD, GTX 1050 Ti 4GB, Windows 10 Home"
"1685079230-55","https://www.webscraper.io/test-sites/e-commerce/allinone","Computers","https://www.webscraper.io/test-sites/e-commerce/allinone/computers","Laptops","https://www.webscraper.io/test-sites/e-commerce/allinone/computers/laptops","Acer Predator He...","https://www.webscraper.io/test-sites/e-commerce/allinone/product/588","Acer Predator Helios 300 (PH317-51)","$1123.87","Acer Predator Helios 300 (PH317-51), 17.3"" FHD IPS, Core i5-7300HQ, 8GB, 1TB + 128GB SSD, GeForce GTX 1050Ti 4GB, Windows 10 Home"
"1685079233-56","https://www.webscraper.io/test-sites/e-commerce/allinone","Computers","https://www.webscraper.io/test-sites/e-commerce/allinone/computers","Laptops","https://www.webscraper.io/test-sites/e-commerce/allinone/computers/laptops","Toshiba Portege...","https://www.webscraper.io/test-sites/e-commerce/allinone/product/587","Toshiba Portege Z30-C-16J Grey","$1114.55","Toshiba Portege Z30-C-16J Grey, 13.3"" FHD, Core i5-6200U, 8GB, 256GB SSD, Windows 10 Pro"
"1685079236-57","https://www.webscraper.io/test-sites/e-commerce/allinone","Computers","https://www.webscraper.io/test-sites/e-commerce/allinone/computers","Laptops","https://www.webscraper.io/test-sites/e-commerce/allinone/computers/laptops","Lenovo Legion Y5...","https://www.webscraper.io/test-sites/e-commerce/allinone/product/586","Lenovo Legion Y520-15IKBM","$1112.91","Lenovo Legion Y520-15IKBM, Black, 15.6"" FHD IPS, Core i5-7300HQ, 8 GB, 128GB SSD + 2 TB HDD, NVIDIA GeForce GTX 1060 6 GB, FreeDOS + Windows 10 Home"
"1685079239-58","https://www.webscraper.io/test-sites/e-commerce/allinone","Computers","https://www.webscraper.io/test-sites/e-commerce/allinone/computers","Laptops","https://www.webscraper.io/test-sites/e-commerce/allinone/computers/laptops","Dell Latitude 54...","https://www.webscraper.io/test-sites/e-commerce/allinone/product/585","Dell Latitude 5480","$1110.14","Dell Latitude 5480, 14"" FHD, Core i5-7300U, 8GB, 500GB, Linux + Windows 10 Home"
"1685079242-59","https://www.webscraper.io/test-sites/e-commerce/allinone","Computers","https://www.webscraper.io/test-sites/e-commerce/allinone/computers","Laptops","https://www.webscraper.io/test-sites/e-commerce/allinone/computers/laptops","Dell Latitude 52...","https://www.webscraper.io/test-sites/e-commerce/allinone/product/584","Dell Latitude 5280","$1102.66","Dell Latitude 5280, 12.5"" HD, Core i5-7300U, 8GB, 256GB SSD, Windows 10 Pro"
"1685079245-60","https://www.webscraper.io/test-sites/e-commerce/allinone","Computers","https://www.webscraper.io/test-sites/e-commerce/allinone/computers","Laptops","https://www.webscraper.io/test-sites/e-commerce/allinone/computers/laptops","Asus ROG Strix G...","https://www.webscraper.io/test-sites/e-commerce/allinone/product/583","Asus ROG Strix GL553VD-DM535T","$1101.83","Apple MacBook Air 13.3"", Core i5 1.8GHz, 8GB, 128GB SSD, Intel HD 4000, RUS"
"1685079248-61","https://www.webscraper.io/test-sites/e-commerce/allinone","Computers","https://www.webscraper.io/test-sites/e-commerce/allinone/computers","Laptops","https://www.webscraper.io/test-sites/e-commerce/allinone/computers/laptops","MSI GL72M 7RDX","https://www.webscraper.io/test-sites/e-commerce/allinone/product/582","MSI GL72M 7RDX","$1099.00","Asus ROG Strix GL553VD-DM535T, 15.6"" FHD, Core i7-7700HQ, 8GB, 1TB + 128GB SSD, GeForce GTX 1050 2GB, Windows 10 Home, Eng kbd"
"1685079251-62","https://www.webscraper.io/test-sites/e-commerce/allinone","Computers","https://www.webscraper.io/test-sites/e-commerce/allinone/computers","Laptops","https://www.webscraper.io/test-sites/e-commerce/allinone/computers/laptops","MSI GL72M 7RDX","https://www.webscraper.io/test-sites/e-commerce/allinone/product/581","MSI GL72M 7RDX","$1099.00","MSI GL72M 7RDX, 17.3"" FHD, Core i5-7300HQ, 8GB, 1TB + 128GB SSD, GeForce GTX 1050 2GB, Windows 10 Home"
"1685079254-63","https://www.webscraper.io/test-sites/e-commerce/allinone","Computers","https://www.webscraper.io/test-sites/e-commerce/allinone/computers","Laptops","https://www.webscraper.io/test-sites/e-commerce/allinone/computers/laptops","Dell Inspiron 15...","https://www.webscraper.io/test-sites/e-commerce/allinone/product/580","Dell Inspiron 15 (7567) Black","$1098.42","Dell Inspiron 15 (7567) Black, 15.6"" FHD, Core i5-7300HQ, 8GB, 256GB SSD, GeForce GTX 1050 4GB, Windows 10 Home"
"1685079257-64","https://www.webscraper.io/test-sites/e-commerce/allinone","Computers","https://www.webscraper.io/test-sites/e-commerce/allinone/computers","Laptops","https://www.webscraper.io/test-sites/e-commerce/allinone/computers/laptops","Lenovo ThinkPad...","https://www.webscraper.io/test-sites/e-commerce/allinone/product/579","Lenovo ThinkPad L460","$1096.02","Lenovo ThinkPad L460, 14"" FHD IPS, Core i7-6600U, 8GB, 256GB SSD, Windows 10 Pro"
"1685079260-65","https://www.webscraper.io/test-sites/e-commerce/allinone","Computers","https://www.webscraper.io/test-sites/e-commerce/allinone/computers","Laptops","https://www.webscraper.io/test-sites/e-commerce/allinone/computers/laptops","ThinkPad Yoga","https://www.webscraper.io/test-sites/e-commerce/allinone/product/522","ThinkPad Yoga","$1033.99","12.5"" Touch, Core i3-4010U, 4GB, 500GB + 16GB SSD Cache,"
"1685079263-66","https://www.webscraper.io/test-sites/e-commerce/allinone","Computers","https://www.webscraper.io/test-sites/e-commerce/allinone/computers","Laptops","https://www.webscraper.io/test-sites/e-commerce/allinone/computers/laptops","Lenovo ThinkPad...","https://www.webscraper.io/test-sites/e-commerce/allinone/product/539","Lenovo ThinkPad L570","$999.00","Lenovo ThinkPad L570, 15.6"" FHD, Core i7-7500U, 8GB, 256GB SSD, Windows 10 Pro"
"1685079266-67","https://www.webscraper.io/test-sites/e-commerce/allinone","Computers","https://www.webscraper.io/test-sites/e-commerce/allinone/computers","Laptops","https://www.webscraper.io/test-sites/e-commerce/allinone/computers/laptops","Asus ROG STRIX G...","https://www.webscraper.io/test-sites/e-commerce/allinone/product/538","Asus ROG STRIX GL553VD-DM256","$899.00","Asus ROG STRIX GL553VD-DM256, 15.6"" FHD, Core i5-7300HQ, 8GB, 1TB, GeForce GTX 1050 2GB, No OS + Windows 10 Home"
"1685079269-68","https://www.webscraper.io/test-sites/e-commerce/allinone","Computers","https://www.webscraper.io/test-sites/e-commerce/allinone/computers","Laptops","https://www.webscraper.io/test-sites/e-commerce/allinone/computers/laptops","Acer Nitro 5 AN5...","https://www.webscraper.io/test-sites/e-commerce/allinone/product/537","Acer Nitro 5 AN515-51","$809.00","Acer Nitro 5 AN515-51, 15.6"" FHD IPS, Core i5-7300HQ, 8GB, 1TB, GeForce GTX 1050 2GB, Windows 10 Home"
"1685079272-69","https://www.webscraper.io/test-sites/e-commerce/allinone","Computers","https://www.webscraper.io/test-sites/e-commerce/allinone/computers","Laptops","https://www.webscraper.io/test-sites/e-commerce/allinone/computers/laptops","Asus ROG STRIX G...","https://www.webscraper.io/test-sites/e-commerce/allinone/product/536","Asus ROG STRIX GL553VD-DM256","$799.00","Asus ROG STRIX GL553VD-DM256, 15.6"" FHD, Core i5-7300HQ, 8GB, 1TB, GeForce GTX 1050 2GB, No OS"
"1685079275-70","https://www.webscraper.io/test-sites/e-commerce/allinone","Computers","https://www.webscraper.io/test-sites/e-commerce/allinone/computers","Laptops","https://www.webscraper.io/test-sites/e-commerce/allinone/computers/laptops","Inspiron 15","https://www.webscraper.io/test-sites/e-commerce/allinone/product/524","Inspiron 15","$745.99","Moon Silver, 15.6"", Core i7-4510U, 8GB, 1TB, Radeon HD R7 M265 2GB,"
"1685079278-71","https://www.webscraper.io/test-sites/e-commerce/allinone","Computers","https://www.webscraper.io/test-sites/e-commerce/allinone/computers","Laptops","https://www.webscraper.io/test-sites/e-commerce/allinone/computers/laptops","ProBook","https://www.webscraper.io/test-sites/e-commerce/allinone/product/519","ProBook","$739.99","14"", Core i5 2.6GHz, 4GB, 500GB, Win7 Pro 64bit"
"1685079281-72","https://www.webscraper.io/test-sites/e-commerce/allinone","Computers","https://www.webscraper.io/test-sites/e-commerce/allinone/computers","Laptops","https://www.webscraper.io/test-sites/e-commerce/allinone/computers/laptops","Asus VivoBook S1...","https://www.webscraper.io/test-sites/e-commerce/allinone/product/535","Asus VivoBook S14","$729.00","Asus VivoBook S14 (S406UA-BV041T) Starry Grey, 14"", Core i5-8250U, 8GB, 256GB SSD, Windows 10 Home, Eng kbd"
"1685079284-73","https://www.webscraper.io/test-sites/e-commerce/allinone","Computers","https://www.webscraper.io/test-sites/e-commerce/allinone/computers","Laptops","https://www.webscraper.io/test-sites/e-commerce/allinone/computers/laptops","Dell Inspiron 15","https://www.webscraper.io/test-sites/e-commerce/allinone/product/534","Dell Inspiron 15","$679.00","Dell Inspiron 15 (5567) Fog Gray, 15.6"" FHD, Core i5-7200U, 8GB, 1TB, Radeon R7 M445 4GB, Linux"
"1685079287-74","https://www.webscraper.io/test-sites/e-commerce/allinone","Computers","https://www.webscraper.io/test-sites/e-commerce/allinone/computers","Laptops","https://www.webscraper.io/test-sites/e-commerce/allinone/computers/laptops","Acer Aspire A515...","https://www.webscraper.io/test-sites/e-commerce/allinone/product/533","Acer Aspire A515-51-5654","$679.00","Acer Aspire A515-51-5654, Black, 15.6"", FHD, Core i5-8250U, 8GB DDR4, 256GB SSD, Windows 10 Home, ENG"
"1685079290-75","https://www.webscraper.io/test-sites/e-commerce/allinone","Computers","https://www.webscraper.io/test-sites/e-commerce/allinone/computers","Laptops","https://www.webscraper.io/test-sites/e-commerce/allinone/computers/laptops","Pavilion","https://www.webscraper.io/test-sites/e-commerce/allinone/product/523","Pavilion","$609.99","15.6"", Core i5-4200U, 6GB, 750GB, Windows 8.1"
"1685079293-76","https://www.webscraper.io/test-sites/e-commerce/allinone","Computers","https://www.webscraper.io/test-sites/e-commerce/allinone/computers","Laptops","https://www.webscraper.io/test-sites/e-commerce/allinone/computers/laptops","Aspire E1-572G","https://www.webscraper.io/test-sites/e-commerce/allinone/product/521","Aspire E1-572G","$581.99","15.6"", Core i5-4200U, 8GB, 1TB, Radeon R7 M265, Windows 8.1"
"1685079296-77","https://www.webscraper.io/test-sites/e-commerce/allinone","Computers","https://www.webscraper.io/test-sites/e-commerce/allinone/computers","Laptops","https://www.webscraper.io/test-sites/e-commerce/allinone/computers/laptops","HP 350 G1","https://www.webscraper.io/test-sites/e-commerce/allinone/product/529","HP 350 G1","$577.99","15.6"", Core i5-4200U, 4GB, 750GB, Radeon HD8670M 2GB, Windows"
"1685079299-78","https://www.webscraper.io/test-sites/e-commerce/allinone","Computers","https://www.webscraper.io/test-sites/e-commerce/allinone/computers","Laptops","https://www.webscraper.io/test-sites/e-commerce/allinone/computers/laptops","Acer Spin 5","https://www.webscraper.io/test-sites/e-commerce/allinone/product/532","Acer Spin 5","$564.98","Acer Spin 5 SP513-51 Black, 13.3"" FHD Touch, Core i3-7100U, 4GB, 128GB SSD, Windows 10 Home"
"1685079302-79","https://www.webscraper.io/test-sites/e-commerce/allinone","Computers","https://www.webscraper.io/test-sites/e-commerce/allinone/computers","Laptops","https://www.webscraper.io/test-sites/e-commerce/allinone/computers/laptops","HP 250 G3","https://www.webscraper.io/test-sites/e-commerce/allinone/product/527","HP 250 G3","$520.99","15.6"", Core i5-4210U, 4GB, 500GB, Windows 8.1"
"1685079305-80","https://www.webscraper.io/test-sites/e-commerce/allinone","Computers","https://www.webscraper.io/test-sites/e-commerce/allinone/computers","Laptops","https://www.webscraper.io/test-sites/e-commerce/allinone/computers/laptops","Lenovo V510 Blac...","https://www.webscraper.io/test-sites/e-commerce/allinone/product/578","Lenovo V510 Black","$498.23","Lenovo V510 Black, 15.6"" FHD, Core i3-7100U, 4GB, 128GB SSD, Windows 10 Pro"
"1685079308-81","https://www.webscraper.io/test-sites/e-commerce/allinone","Computers","https://www.webscraper.io/test-sites/e-commerce/allinone/computers","Laptops","https://www.webscraper.io/test-sites/e-commerce/allinone/computers/laptops","Dell Vostro 15 (...","https://www.webscraper.io/test-sites/e-commerce/allinone/product/577","Dell Vostro 15 (3568) Red","$497.17","Dell Vostro 15 (3568) Red, 15.6"" HD, Core i5-7200U, 4GB, 1TB, Radeon R5 M420 2GB, Linux"
"1685079311-82","https://www.webscraper.io/test-sites/e-commerce/allinone","Computers","https://www.webscraper.io/test-sites/e-commerce/allinone/computers","Laptops","https://www.webscraper.io/test-sites/e-commerce/allinone/computers/laptops","Acer Aspire 3 A3...","https://www.webscraper.io/test-sites/e-commerce/allinone/product/576","Acer Aspire 3 A315-51 Black","$494.71","Acer Aspire 3 A315-51 Black, 15.6"" FHD, Core i3-7100U, 4GB, 500GB + 128GB SSD, Windows 10 Home"
"1685079314-83","https://www.webscraper.io/test-sites/e-commerce/allinone","Computers","https://www.webscraper.io/test-sites/e-commerce/allinone/computers","Laptops","https://www.webscraper.io/test-sites/e-commerce/allinone/computers/laptops","Dell Vostro 15","https://www.webscraper.io/test-sites/e-commerce/allinone/product/531","Dell Vostro 15","$488.78","Dell Vostro 15 (3568) Black, 15.6"" FHD, Core i5-7200U, 4GB, 128GB SSD, Radeon R5 M420 2GB, Linux"
"1685079317-84","https://www.webscraper.io/test-sites/e-commerce/allinone","Computers","https://www.webscraper.io/test-sites/e-commerce/allinone/computers","Laptops","https://www.webscraper.io/test-sites/e-commerce/allinone/computers/laptops","Acer Swift 1 SF1...","https://www.webscraper.io/test-sites/e-commerce/allinone/product/575","Acer Swift 1 SF113-31 Silver","$488.64","Acer Swift 1 SF113-31 Silver, 13.3"" FHD, Pentium N4200, 4GB, 128GB SSD, Windows 10 Home"
"1685079320-85","https://www.webscraper.io/test-sites/e-commerce/allinone","Computers","https://www.webscraper.io/test-sites/e-commerce/allinone/computers","Laptops","https://www.webscraper.io/test-sites/e-commerce/allinone/computers/laptops","Lenovo V510 Blac...","https://www.webscraper.io/test-sites/e-commerce/allinone/product/574","Lenovo V510 Black","$487.80","Lenovo V510 Black, 15.6"" HD, Core i3-6006U, 4GB, 128GB SSD, Windows 10 Home"
"1685079323-86","https://www.webscraper.io/test-sites/e-commerce/allinone","Computers","https://www.webscraper.io/test-sites/e-commerce/allinone/computers","Laptops","https://www.webscraper.io/test-sites/e-commerce/allinone/computers/laptops","Acer Aspire ES1-...","https://www.webscraper.io/test-sites/e-commerce/allinone/product/573","Acer Aspire ES1-572 Black","$485.90","Acer Aspire ES1-572 Black, 15.6"" HD, Core i5-7200U, 4GB, 128GB SSD, Linux"
"1685079326-87","https://www.webscraper.io/test-sites/e-commerce/allinone","Computers","https://www.webscraper.io/test-sites/e-commerce/allinone/computers","Laptops","https://www.webscraper.io/test-sites/e-commerce/allinone/computers/laptops","Lenovo V510 Blac...","https://www.webscraper.io/test-sites/e-commerce/allinone/product/572","Lenovo V510 Black","$484.23","Lenovo V510 Black, 14"" HD, Core i3-6006U, 4GB, 128GB SSD, Windows 10 Home"
"1685079329-88","https://www.webscraper.io/test-sites/e-commerce/allinone","Computers","https://www.webscraper.io/test-sites/e-commerce/allinone/computers","Laptops","https://www.webscraper.io/test-sites/e-commerce/allinone/computers/laptops","Acer Aspire ES1-...","https://www.webscraper.io/test-sites/e-commerce/allinone/product/571","Acer Aspire ES1-572 Black","$469.10","Acer Aspire ES1-572 Black, 15.6"" HD, Core i3-6006U, 4GB, 128GB SSD, Windows 10 Home"
"1685079332-89","https://www.webscraper.io/test-sites/e-commerce/allinone","Computers","https://www.webscraper.io/test-sites/e-commerce/allinone/computers","Laptops","https://www.webscraper.io/test-sites/e-commerce/allinone/computers/laptops","Asus VivoBook 15...","https://www.webscraper.io/test-sites/e-commerce/allinone/product/570","Asus VivoBook 15 X540UA-DM260 Chocolate Black","$468.56","Asus VivoBook 15 X540UA-DM260 Chocolate Black, 15.6"" FHD, Core i3-6006U, 4GB, 256GB SSD, Endless OS, En kbd"
"1685079335-90","https://www.webscraper.io/test-sites/e-commerce/allinone","Computers","https://www.webscraper.io/test-sites/e-commerce/allinone/computers","Laptops","https://www.webscraper.io/test-sites/e-commerce/allinone/computers/laptops","Lenovo V110-15IK...","https://www.webscraper.io/test-sites/e-commerce/allinone/product/569","Lenovo V110-15IKB","$465.95","Lenovo V110-15IKB, 15.6"" HD, Core i5-7200U, 4GB, 500GB, DOS"
"1685079338-91","https://www.webscraper.io/test-sites/e-commerce/allinone","Computers","https://www.webscraper.io/test-sites/e-commerce/allinone/computers","Laptops","https://www.webscraper.io/test-sites/e-commerce/allinone/computers/laptops","Acer Aspire A315...","https://www.webscraper.io/test-sites/e-commerce/allinone/product/568","Acer Aspire A315-51-33TG","$457.38","Acer Aspire A315-51-33TG, Black 15.6"" HD, Core i3-7100U, 4GB DDR4, 128GB SSD, Windows 10 Home, ENG"
"1685079341-92","https://www.webscraper.io/test-sites/e-commerce/allinone","Computers","https://www.webscraper.io/test-sites/e-commerce/allinone/computers","Laptops","https://www.webscraper.io/test-sites/e-commerce/allinone/computers/laptops","Lenovo V110-15IS...","https://www.webscraper.io/test-sites/e-commerce/allinone/product/567","Lenovo V110-15ISK","$454.73","Lenovo V110-15ISK, 15.6"" HD, Core i3-6006U, 4GB, 128GB SSD, Windows 10 Pro"
"1685079344-93","https://www.webscraper.io/test-sites/e-commerce/allinone","Computers","https://www.webscraper.io/test-sites/e-commerce/allinone/computers","Laptops","https://www.webscraper.io/test-sites/e-commerce/allinone/computers/laptops","Acer Aspire ES1-...","https://www.webscraper.io/test-sites/e-commerce/allinone/product/566","Acer Aspire ES1-572 Black","$454.62","Acer Aspire ES1-572 Black, 15.6"" HD, Core i5-7200U, 4GB, 500GB, Linux"
"1685079347-94","https://www.webscraper.io/test-sites/e-commerce/allinone","Computers","https://www.webscraper.io/test-sites/e-commerce/allinone/computers","Laptops","https://www.webscraper.io/test-sites/e-commerce/allinone/computers/laptops","Acer Extensa 15...","https://www.webscraper.io/test-sites/e-commerce/allinone/product/565","Acer Extensa 15 (2540) Black","$439.73","Acer Extensa 15 (2540) Black, 15.6"" HD, Core i5-7200U, 4GB, 500GB, Linux"
"1685079350-95","https://www.webscraper.io/test-sites/e-commerce/allinone","Computers","https://www.webscraper.io/test-sites/e-commerce/allinone/computers","Laptops","https://www.webscraper.io/test-sites/e-commerce/allinone/computers/laptops","Acer Aspire ES1-...","https://www.webscraper.io/test-sites/e-commerce/allinone/product/564","Acer Aspire ES1-572 Black","$436.29","Acer Aspire ES1-572 Black, 15.6"" HD, Core i3-6006U, 4GB, 500GB, Windows 10 Home"
"1685079353-96","https://www.webscraper.io/test-sites/e-commerce/allinone","Computers","https://www.webscraper.io/test-sites/e-commerce/allinone/computers","Laptops","https://www.webscraper.io/test-sites/e-commerce/allinone/computers/laptops","Acer Aspire 3 A3...","https://www.webscraper.io/test-sites/e-commerce/allinone/product/563","Acer Aspire 3 A315-51","$436.29","Acer Aspire 3 A315-51, 15.6"" HD, Core i3-6006U, 4GB, 1TB, Windows 10 Home"
"1685079356-97","https://www.webscraper.io/test-sites/e-commerce/allinone","Computers","https://www.webscraper.io/test-sites/e-commerce/allinone/computers","Laptops","https://www.webscraper.io/test-sites/e-commerce/allinone/computers/laptops","Asus EeeBook R41...","https://www.webscraper.io/test-sites/e-commerce/allinone/product/562","Asus EeeBook R416NA-FA014T","$433.30","Asus EeeBook R416NA-FA014T, 14"" FHD, Pentium N4200, 4GB, 128GB eMMC, Windows 10 Home, Eng kbd"
"1685079359-98","https://www.webscraper.io/test-sites/e-commerce/allinone","Computers","https://www.webscraper.io/test-sites/e-commerce/allinone/computers","Laptops","https://www.webscraper.io/test-sites/e-commerce/allinone/computers/laptops","Packard 255 G2","https://www.webscraper.io/test-sites/e-commerce/allinone/product/516","Packard 255 G2","$416.99","15.6"", AMD E2-3800 1.3GHz, 4GB, 500GB, Windows 8.1"
"1685079362-99","https://www.webscraper.io/test-sites/e-commerce/allinone","Computers","https://www.webscraper.io/test-sites/e-commerce/allinone/computers","Laptops","https://www.webscraper.io/test-sites/e-commerce/allinone/computers/laptops","Asus VivoBook 15...","https://www.webscraper.io/test-sites/e-commerce/allinone/product/561","Asus VivoBook 15 X540NA-GQ026T","$410.66","Asus VivoBook 15 X540NA-GQ026T Chocolate Black, 15.6"" HD, Pentium N4200, 4GB, 128GB SSD, Windows 10 Home, En/Ru kbd"
"1685079365-100","https://www.webscraper.io/test-sites/e-commerce/allinone","Computers","https://www.webscraper.io/test-sites/e-commerce/allinone/computers","Laptops","https://www.webscraper.io/test-sites/e-commerce/allinone/computers/laptops","Acer Aspire ES1-...","https://www.webscraper.io/test-sites/e-commerce/allinone/product/560","Acer Aspire ES1-732 Black","$410.46","Acer Aspire ES1-732 Black, 17.3"" HD+, Celeron, N3350, 4GB, 1TB, Windows 10 Home"
"1685079368-101","https://www.webscraper.io/test-sites/e-commerce/allinone","Computers","https://www.webscraper.io/test-sites/e-commerce/allinone/computers","Laptops","https://www.webscraper.io/test-sites/e-commerce/allinone/computers/laptops","Lenovo V110-15IS...","https://www.webscraper.io/test-sites/e-commerce/allinone/product/559","Lenovo V110-15ISK","$409.63","Lenovo V110-15ISK, 15.6"" HD, Core i3-6006U, 8GB, 128GB SSD, Windows 10 Home"
"1685079371-102","https://www.webscraper.io/test-sites/e-commerce/allinone","Computers","https://www.webscraper.io/test-sites/e-commerce/allinone/computers","Laptops","https://www.webscraper.io/test-sites/e-commerce/allinone/computers/laptops","Acer Aspire 3 A3...","https://www.webscraper.io/test-sites/e-commerce/allinone/product/558","Acer Aspire 3 A315-31 Black","$408.98","Acer Aspire 3 A315-31 Black, 15.6"" HD, Pentium N4200 1.1GHz, 4GB, 128GB SSD, Windows 10 Home"
"1685079374-103","https://www.webscraper.io/test-sites/e-commerce/allinone","Computers","https://www.webscraper.io/test-sites/e-commerce/allinone/computers","Laptops","https://www.webscraper.io/test-sites/e-commerce/allinone/computers/laptops","Lenovo ThinkPad...","https://www.webscraper.io/test-sites/e-commerce/allinone/product/557","Lenovo ThinkPad E31-80","$404.23","Lenovo ThinkPad E31-80, 13.3"" HD, Celeron 3855U 1.6GHz, 4GB, 128GB SSD, Windows 10 Home"
"1685079377-104","https://www.webscraper.io/test-sites/e-commerce/allinone","Computers","https://www.webscraper.io/test-sites/e-commerce/allinone/computers","Laptops","https://www.webscraper.io/test-sites/e-commerce/allinone/computers/laptops","Asus VivoBook E5...","https://www.webscraper.io/test-sites/e-commerce/allinone/product/556","Asus VivoBook E502NA-GO022T Dark Blue","$399.99","Asus VivoBook E502NA-GO022T Dark Blue, 15.6"" HD, Pentium N4200 1.1GHz, 4GB, 128GB SSD, Windows 10 Home, En/Ru kbd"
"1685079380-105","https://www.webscraper.io/test-sites/e-commerce/allinone","Computers","https://www.webscraper.io/test-sites/e-commerce/allinone/computers","Laptops","https://www.webscraper.io/test-sites/e-commerce/allinone/computers/laptops","Asus VivoBook Ma...","https://www.webscraper.io/test-sites/e-commerce/allinone/product/530","Asus VivoBook Max","$399.00","Asus VivoBook Max X541NA-GQ041 Black Chocolate, 15.6"" HD, Pentium N4200 1.1GHz, 4GB, 500GB, Windows 10 Home"
"1685079383-106","https://www.webscraper.io/test-sites/e-commerce/allinone","Computers","https://www.webscraper.io/test-sites/e-commerce/allinone/computers","Laptops","https://www.webscraper.io/test-sites/e-commerce/allinone/computers/laptops","Acer Aspire 3 A3...","https://www.webscraper.io/test-sites/e-commerce/allinone/product/555","Acer Aspire 3 A315-21","$393.88","Acer Aspire 3 A315-21, 15.6"", AMD A4-9120. 4GB. 128GB SSD, Linux"
"1685079386-107","https://www.webscraper.io/test-sites/e-commerce/allinone","Computers","https://www.webscraper.io/test-sites/e-commerce/allinone/computers","Laptops","https://www.webscraper.io/test-sites/e-commerce/allinone/computers/laptops","Acer Aspire 3 A3...","https://www.webscraper.io/test-sites/e-commerce/allinone/product/554","Acer Aspire 3 A315-31 Black","$391.48","Acer Aspire 3 A315-31 Black, 15.6"" HD, Pentium N4200 1.1GHz, 4GB, 128GB SSD, Windows 10 Home"
"1685079389-108","https://www.webscraper.io/test-sites/e-commerce/allinone","Computers","https://www.webscraper.io/test-sites/e-commerce/allinone/computers","Laptops","https://www.webscraper.io/test-sites/e-commerce/allinone/computers/laptops","Acer Aspire ES1-...","https://www.webscraper.io/test-sites/e-commerce/allinone/product/553","Acer Aspire ES1-572 Black","$379.95","Acer Aspire ES1-572 Black, 15.6"" HD, Core i3-6006U, 4GB, 128GB SSD, Linux"
"1685079392-109","https://www.webscraper.io/test-sites/e-commerce/allinone","Computers","https://www.webscraper.io/test-sites/e-commerce/allinone/computers","Laptops","https://www.webscraper.io/test-sites/e-commerce/allinone/computers/laptops","Acer Aspire A315...","https://www.webscraper.io/test-sites/e-commerce/allinone/product/552","Acer Aspire A315-31-C33J","$379.94","Acer Aspire A315-31-C33J Black 15.6"", HD, Celeron N3350, 4GB DDR3L, 128GB, Windows 10 Home, ENG"
"1685079395-110","https://www.webscraper.io/test-sites/e-commerce/allinone","Computers","https://www.webscraper.io/test-sites/e-commerce/allinone/computers","Laptops","https://www.webscraper.io/test-sites/e-commerce/allinone/computers/laptops","Acer Aspire 3 A3...","https://www.webscraper.io/test-sites/e-commerce/allinone/product/551","Acer Aspire 3 A315-31 Black","$372.70","Acer Aspire 3 A315-31 Black, 15.6"" HD, Celeron N3350 1.1GHz, 4GB, 128GB SSD, Windows 10 Home"
"1685079398-111","https://www.webscraper.io/test-sites/e-commerce/allinone","Computers","https://www.webscraper.io/test-sites/e-commerce/allinone/computers","Laptops","https://www.webscraper.io/test-sites/e-commerce/allinone/computers/laptops","Hewlett Packard...","https://www.webscraper.io/test-sites/e-commerce/allinone/product/550","Hewlett Packard 250 G6 Dark Ash Silver","$364.46","Hewlett Packard 250 G6 Dark Ash Silver, 15.6"" HD, Celeron N3060 1.6GHz, 4GB, 128GB SSD, DOS"
"1685079401-112","https://www.webscraper.io/test-sites/e-commerce/allinone","Computers","https://www.webscraper.io/test-sites/e-commerce/allinone/computers","Laptops","https://www.webscraper.io/test-sites/e-commerce/allinone/computers/laptops","Lenovo V110-15IA...","https://www.webscraper.io/test-sites/e-commerce/allinone/product/549","Lenovo V110-15IAP","$356.49","Asus VivoBook 15 X540NA-GQ008T Chocolate Black, 15.6"" HD, Pentium N4200, 4GB, 500GB, Windows 10 Home, En kbd"
"1685079404-113","https://www.webscraper.io/test-sites/e-commerce/allinone","Computers","https://www.webscraper.io/test-sites/e-commerce/allinone/computers","Laptops","https://www.webscraper.io/test-sites/e-commerce/allinone/computers/laptops","Lenovo V110-15IA...","https://www.webscraper.io/test-sites/e-commerce/allinone/product/548","Lenovo V110-15IAP","$321.94","Lenovo V110-15IAP, 15.6"" HD, Celeron N3350 1.1GHz, 4GB, 128GB SSD, Windows 10 Home"
"1685079407-114","https://www.webscraper.io/test-sites/e-commerce/allinone","Computers","https://www.webscraper.io/test-sites/e-commerce/allinone/computers","Laptops","https://www.webscraper.io/test-sites/e-commerce/allinone/computers/laptops","Aspire E1-510","https://www.webscraper.io/test-sites/e-commerce/allinone/product/517","Aspire E1-510","$306.99","15.6"", Pentium N3520 2.16GHz, 4GB, 500GB, Linux"
"1685079410-115","https://www.webscraper.io/test-sites/e-commerce/allinone","Computers","https://www.webscraper.io/test-sites/e-commerce/allinone/computers","Laptops","https://www.webscraper.io/test-sites/e-commerce/allinone/computers/laptops","Prestigio SmartB...","https://www.webscraper.io/test-sites/e-commerce/allinone/product/547","Prestigio SmartBook 133S Gold","$299.00","Prestigio SmartBook 133S Gold, 13.3"" FHD IPS, Celeron N3350 1.1GHz, 4GB, 32GB, Windows 10 Pro + Office 365 1 gadam"
"1685079413-116","https://www.webscraper.io/test-sites/e-commerce/allinone","Computers","https://www.webscraper.io/test-sites/e-commerce/allinone/computers","Laptops","https://www.webscraper.io/test-sites/e-commerce/allinone/computers/laptops","Prestigio SmartB...","https://www.webscraper.io/test-sites/e-commerce/allinone/product/546","Prestigio SmartBook 133S Dark Grey","$299.00","Prestigio SmartBook 133S Dark Grey, 13.3"" FHD IPS, Celeron N3350 1.1GHz, 4GB, 32GB, Windows 10 Pro + Office 365 1 gadam"
"1685079416-117","https://www.webscraper.io/test-sites/e-commerce/allinone","Computers","https://www.webscraper.io/test-sites/e-commerce/allinone/computers","Laptops","https://www.webscraper.io/test-sites/e-commerce/allinone/computers/laptops","Asus VivoBook X4...","https://www.webscraper.io/test-sites/e-commerce/allinone/product/545","Asus VivoBook X441NA-GA190","$295.99","Asus VivoBook X441NA-GA190 Chocolate Black, 14"", Celeron N3450, 4GB, 128GB SSD, Endless OS, ENG kbd"
"1685079422-118","https://www.webscraper.io/test-sites/e-commerce/allinone","Computers","https://www.webscraper.io/test-sites/e-commerce/allinone/computers","Tablets","https://www.webscraper.io/test-sites/e-commerce/allinone/computers/tablets","Apple iPad Air","https://www.webscraper.io/test-sites/e-commerce/allinone/product/515","Apple iPad Air","$603.99","Wi-Fi, 64GB, Silver"
"1685079425-119","https://www.webscraper.io/test-sites/e-commerce/allinone","Computers","https://www.webscraper.io/test-sites/e-commerce/allinone/computers","Tablets","https://www.webscraper.io/test-sites/e-commerce/allinone/computers/tablets","Galaxy Note 10.1","https://www.webscraper.io/test-sites/e-commerce/allinone/product/509","Galaxy Note 10.1","$587.99","10.1"", 32GB, Black"
"1685079428-120","https://www.webscraper.io/test-sites/e-commerce/allinone","Computers","https://www.webscraper.io/test-sites/e-commerce/allinone/computers","Tablets","https://www.webscraper.io/test-sites/e-commerce/allinone/computers/tablets","iPad Mini Retina","https://www.webscraper.io/test-sites/e-commerce/allinone/product/499","iPad Mini Retina","$537.99","Wi-Fi + Cellular, 32GB, Silver"
"1685079431-121","https://www.webscraper.io/test-sites/e-commerce/allinone","Computers","https://www.webscraper.io/test-sites/e-commerce/allinone/computers","Tablets","https://www.webscraper.io/test-sites/e-commerce/allinone/computers/tablets","Galaxy Note","https://www.webscraper.io/test-sites/e-commerce/allinone/product/504","Galaxy Note","$489.99","12.2"", 32GB, WiFi, Android 4.4, White"
"1685079434-122","https://www.webscraper.io/test-sites/e-commerce/allinone","Computers","https://www.webscraper.io/test-sites/e-commerce/allinone/computers","Tablets","https://www.webscraper.io/test-sites/e-commerce/allinone/computers/tablets","Galaxy Note","https://www.webscraper.io/test-sites/e-commerce/allinone/product/514","Galaxy Note","$399.99","10.1"", 3G, Android 4.0, Garnet Red"
"1685079437-123","https://www.webscraper.io/test-sites/e-commerce/allinone","Computers","https://www.webscraper.io/test-sites/e-commerce/allinone/computers","Tablets","https://www.webscraper.io/test-sites/e-commerce/allinone/computers/tablets","MeMo PAD FHD 10","https://www.webscraper.io/test-sites/e-commerce/allinone/product/510","MeMo PAD FHD 10","$320.99","White, 10.1"" IPS, 1.6GHz, 2GB, 16GB, Android 4.2"
"1685079440-124","https://www.webscraper.io/test-sites/e-commerce/allinone","Computers","https://www.webscraper.io/test-sites/e-commerce/allinone/computers","Tablets","https://www.webscraper.io/test-sites/e-commerce/allinone/computers/tablets","Galaxy Tab","https://www.webscraper.io/test-sites/e-commerce/allinone/product/501","Galaxy Tab","$251.99","16GB, White"
"1685079443-125","https://www.webscraper.io/test-sites/e-commerce/allinone","Computers","https://www.webscraper.io/test-sites/e-commerce/allinone/computers","Tablets","https://www.webscraper.io/test-sites/e-commerce/allinone/computers/tablets","Galaxy Tab 4","https://www.webscraper.io/test-sites/e-commerce/allinone/product/506","Galaxy Tab 4","$233.99","LTE (SM-T235), Quad-Core 1.2GHz, 8GB, Black"
"1685079464-126","https://www.webscraper.io/test-sites/e-commerce/allinone","Computers","https://www.webscraper.io/test-sites/e-commerce/allinone/computers","Tablets","https://www.webscraper.io/test-sites/e-commerce/allinone/computers/tablets","IdeaTab S5000","https://www.webscraper.io/test-sites/e-commerce/allinone/product/511","Galaxy Tab 4","$233.99","LTE (SM-T235), Quad-Core 1.2GHz, 8GB, Black"
"1685079467-127","https://www.webscraper.io/test-sites/e-commerce/allinone","Computers","https://www.webscraper.io/test-sites/e-commerce/allinone/computers","Tablets","https://www.webscraper.io/test-sites/e-commerce/allinone/computers/tablets","IdeaTab A3500-H","https://www.webscraper.io/test-sites/e-commerce/allinone/product/502","IdeaTab A3500-H","$148.99","Blue, 7"" IPS, Quad-Core 1.3GHz, 8GB, 3G, Android 4.2"
"1685079470-128","https://www.webscraper.io/test-sites/e-commerce/allinone","Computers","https://www.webscraper.io/test-sites/e-commerce/allinone/computers","Tablets","https://www.webscraper.io/test-sites/e-commerce/allinone/computers/tablets","MeMO Pad 7","https://www.webscraper.io/test-sites/e-commerce/allinone/product/505","MeMO Pad 7","$130.99","White, 7"", Atom 1.2GHz, 8GB, Android 4.4"
"1685079473-129","https://www.webscraper.io/test-sites/e-commerce/allinone","Computers","https://www.webscraper.io/test-sites/e-commerce/allinone/computers","Tablets","https://www.webscraper.io/test-sites/e-commerce/allinone/computers/tablets","IdeaTab A8-50","https://www.webscraper.io/test-sites/e-commerce/allinone/product/513","IdeaTab A8-50","$121.99","Blue, 8"" IPS, Quad-Core 1.3GHz, 16GB, Android 4.2"
"1685079476-130","https://www.webscraper.io/test-sites/e-commerce/allinone","Computers","https://www.webscraper.io/test-sites/e-commerce/allinone/computers","Tablets","https://www.webscraper.io/test-sites/e-commerce/allinone/computers/tablets","Galaxy Tab 3","https://www.webscraper.io/test-sites/e-commerce/allinone/product/507","Galaxy Tab 3","$107.99","7"", 8GB, Wi-Fi, Android 4.2, Yellow"
"1685079479-131","https://www.webscraper.io/test-sites/e-commerce/allinone","Computers","https://www.webscraper.io/test-sites/e-commerce/allinone/computers","Tablets","https://www.webscraper.io/test-sites/e-commerce/allinone/computers/tablets","Amazon Kindle","https://www.webscraper.io/test-sites/e-commerce/allinone/product/498","Amazon Kindle","$103.99","6"" screen, wifi"
"1685079482-132","https://www.webscraper.io/test-sites/e-commerce/allinone","Computers","https://www.webscraper.io/test-sites/e-commerce/allinone/computers","Tablets","https://www.webscraper.io/test-sites/e-commerce/allinone/computers/tablets","Asus MeMO Pad","https://www.webscraper.io/test-sites/e-commerce/allinone/product/497","Asus MeMO Pad","$102.99","7"" screen, Android, 8GB"
"1685079485-133","https://www.webscraper.io/test-sites/e-commerce/allinone","Computers","https://www.webscraper.io/test-sites/e-commerce/allinone/computers","Tablets","https://www.webscraper.io/test-sites/e-commerce/allinone/computers/tablets","Memo Pad HD 7","https://www.webscraper.io/test-sites/e-commerce/allinone/product/508","Memo Pad HD 7","$101.99","IPS, Dual-Core 1.2GHz, 8GB, Android 4.3"
"1685079488-134","https://www.webscraper.io/test-sites/e-commerce/allinone","Computers","https://www.webscraper.io/test-sites/e-commerce/allinone/computers","Tablets","https://www.webscraper.io/test-sites/e-commerce/allinone/computers/tablets","Iconia B1-730HD","https://www.webscraper.io/test-sites/e-commerce/allinone/product/512","Iconia B1-730HD","$99.99","Black, 7"", 1.6GHz Dual-Core, 8GB, Android 4.4"
"1685079491-135","https://www.webscraper.io/test-sites/e-commerce/allinone","Computers","https://www.webscraper.io/test-sites/e-commerce/allinone/computers","Tablets","https://www.webscraper.io/test-sites/e-commerce/allinone/computers/tablets","Galaxy Tab 3","https://www.webscraper.io/test-sites/e-commerce/allinone/product/503","Galaxy Tab 3","$97.99","7"", 8GB, Wi-Fi, Android 4.2, White"
"1685079494-136","https://www.webscraper.io/test-sites/e-commerce/allinone","Computers","https://www.webscraper.io/test-sites/e-commerce/allinone/computers","Tablets","https://www.webscraper.io/test-sites/e-commerce/allinone/computers/tablets","Acer Iconia","https://www.webscraper.io/test-sites/e-commerce/allinone/product/496","Acer Iconia","$96.99","7"" screen, Android, 16GB"
"1685079497-137","https://www.webscraper.io/test-sites/e-commerce/allinone","Computers","https://www.webscraper.io/test-sites/e-commerce/allinone/computers","Tablets","https://www.webscraper.io/test-sites/e-commerce/allinone/computers/tablets","IdeaTab A3500L","https://www.webscraper.io/test-sites/e-commerce/allinone/product/500","IdeaTab A3500L","$88.99","Black, 7"" IPS, Quad-Core 1.2GHz, 8GB, Android 4.2"
"1685079500-138","https://www.webscraper.io/test-sites/e-commerce/allinone","Computers","https://www.webscraper.io/test-sites/e-commerce/allinone/computers","Tablets","https://www.webscraper.io/test-sites/e-commerce/allinone/computers/tablets","Lenovo IdeaTab","https://www.webscraper.io/test-sites/e-commerce/allinone/product/495","Lenovo IdeaTab","$69.99","7"" screen, Android"
"1685079509-139","https://www.webscraper.io/test-sites/e-commerce/allinone","Phones","https://www.webscraper.io/test-sites/e-commerce/allinone/phones","Touch","https://www.webscraper.io/test-sites/e-commerce/allinone/phones/touch","Iphone","https://www.webscraper.io/test-sites/e-commerce/allinone/product/494","Iphone","$899.99","Black"
"1685079512-140","https://www.webscraper.io/test-sites/e-commerce/allinone","Phones","https://www.webscraper.io/test-sites/e-commerce/allinone/phones","Touch","https://www.webscraper.io/test-sites/e-commerce/allinone/phones/touch","Iphone","https://www.webscraper.io/test-sites/e-commerce/allinone/product/493","Iphone","$899.99","Silver"
"1685079515-141","https://www.webscraper.io/test-sites/e-commerce/allinone","Phones","https://www.webscraper.io/test-sites/e-commerce/allinone/phones","Touch","https://www.webscraper.io/test-sites/e-commerce/allinone/phones/touch","Iphone","https://www.webscraper.io/test-sites/e-commerce/allinone/product/492","Iphone","$899.99","White"
"1685079518-142","https://www.webscraper.io/test-sites/e-commerce/allinone","Phones","https://www.webscraper.io/test-sites/e-commerce/allinone/phones","Touch","https://www.webscraper.io/test-sites/e-commerce/allinone/phones/touch","Ubuntu Edge","https://www.webscraper.io/test-sites/e-commerce/allinone/product/491","Ubuntu Edge","$499.99","Sapphire glass"
"1685079521-143","https://www.webscraper.io/test-sites/e-commerce/allinone","Phones","https://www.webscraper.io/test-sites/e-commerce/allinone/phones","Touch","https://www.webscraper.io/test-sites/e-commerce/allinone/phones/touch","Sony Xperia","https://www.webscraper.io/test-sites/e-commerce/allinone/product/490","Sony Xperia","$118.99","GPS, waterproof"
"1685079524-144","https://www.webscraper.io/test-sites/e-commerce/allinone","Phones","https://www.webscraper.io/test-sites/e-commerce/allinone/phones","Touch","https://www.webscraper.io/test-sites/e-commerce/allinone/phones/touch","Nokia X","https://www.webscraper.io/test-sites/e-commerce/allinone/product/489","Nokia X","$109.99","Andoid, Jolla dualboot"
"1685079527-145","https://www.webscraper.io/test-sites/e-commerce/allinone","Phones","https://www.webscraper.io/test-sites/e-commerce/allinone/phones","Touch","https://www.webscraper.io/test-sites/e-commerce/allinone/phones/touch","Samsung Galaxy","https://www.webscraper.io/test-sites/e-commerce/allinone/product/488","Samsung Galaxy","$93.99","5 mpx. Android 5.0"
"1685079530-146","https://www.webscraper.io/test-sites/e-commerce/allinone","Phones","https://www.webscraper.io/test-sites/e-commerce/allinone/phones","Touch","https://www.webscraper.io/test-sites/e-commerce/allinone/phones/touch","LG Optimus","https://www.webscraper.io/test-sites/e-commerce/allinone/product/487","LG Optimus","$57.99","3.2"" screen"
"1685079533-147","https://www.webscraper.io/test-sites/e-commerce/allinone","Phones","https://www.webscraper.io/test-sites/e-commerce/allinone/phones","Touch","https://www.webscraper.io/test-sites/e-commerce/allinone/phones/touch","Nokia 123","https://www.webscraper.io/test-sites/e-commerce/allinone/product/486","Nokia 123","$24.99","7 day battery"
